<?xml version="1.0" encoding="UTF-8"?>
<project-private xmlns="http://www.netbeans.org/ns/project-private/1">
    <editor-bookmarks xmlns="http://www.netbeans.org/ns/editor-bookmarks/2" lastBookmarkId="0"/>
    <open-files xmlns="http://www.netbeans.org/ns/projectui-open-files/2">
        <group>
            <file>file:/C:/Users/dev23/Documents/DAIICT/DA%20SEM%203/EC/WebApplication1/web/temp.jsp</file>
            <file>file:/C:/Users/dev23/Documents/DAIICT/DA%20SEM%203/EC/WebApplication1/src/java/Poll/Poll.java</file>
            <file>file:/C:/Users/dev23/Documents/DAIICT/DA%20SEM%203/EC/WebApplication1/web/index.html</file>
            <file>file:/C:/Users/dev23/Documents/DAIICT/DA%20SEM%203/EC/WebApplication1/web/Menu.jsp</file>
            <file>file:/C:/Users/dev23/Documents/DAIICT/DA%20SEM%203/EC/WebApplication1/web/AddCandidate.jsp</file>
            <file>file:/C:/Users/dev23/Documents/DAIICT/DA%20SEM%203/EC/WebApplication1/src/java/Poll/Candidate.java</file>
            <file>file:/C:/Users/dev23/Documents/DAIICT/DA%20SEM%203/EC/WebApplication1/src/java/Poll/PollServlet.java</file>
        </group>
    </open-files>
</project-private>
